Workbook

Sheet PhieuSua
A1: ma_ps | B1: ngay_nhan_may | C1: ma_sua | D1: so_may | E1: ten_sua | F1: gia_sua | G1: tien_sua
A2: PS004 | B2: 2026-06-04 | C2: SM06 | D2: 1 | E2: =VLOOKUP(C2,BangGiaSua!$A$1:$C$8,2,0) -> Sua ban phim | F2: =VLOOKUP(C2,BangGiaSua!$A$1:$C$8,3,0) -> 400000 | G2: =(D2*F2) -> 400000
A3: PS014 | B3: 2026-06-14 | C3: SM02 | D3: 2 | E3: =VLOOKUP(C3,BangGiaSua!$A$1:$C$8,2,0) -> Ve sinh laptop | F3: =VLOOKUP(C3,BangGiaSua!$A$1:$C$8,3,0) -> 200000 | G3: =(D3*F3) -> 400000
A4: PS009 | B4: 2026-06-09 | C4: SM01 | D4: 3 | E4: =VLOOKUP(C4,BangGiaSua!$A$1:$C$8,2,0) -> Cai lai Windows | F4: =VLOOKUP(C4,BangGiaSua!$A$1:$C$8,3,0) -> 150000 | G4: =(D4*F4) -> 450000
A5: PS003 | B5: 2026-06-03 | C5: SM03 | D5: 2 | E5: =VLOOKUP(C5,BangGiaSua!$A$1:$C$8,2,0) -> Thay keo tan nhiet | F5: =VLOOKUP(C5,BangGiaSua!$A$1:$C$8,3,0) -> 250000 | G5: =(D5*F5) -> 500000
A6: PS012 | B6: 2026-06-12 | C6: SM02 | D6: 3 | E6: =VLOOKUP(C6,BangGiaSua!$A$1:$C$8,2,0) -> Ve sinh laptop | F6: =VLOOKUP(C6,BangGiaSua!$A$1:$C$8,3,0) -> 200000 | G6: =(D6*F6) -> 600000
A7: PS010 | B7: 2026-06-10 | C7: SM03 | D7: 3 | E7: =VLOOKUP(C7,BangGiaSua!$A$1:$C$8,2,0) -> Thay keo tan nhiet | F7: =VLOOKUP(C7,BangGiaSua!$A$1:$C$8,3,0) -> 250000 | G7: =(D7*F7) -> 750000
A8: PS006 | B8: 2026-06-06 | C8: SM06 | D8: 2 | E8: =VLOOKUP(C8,BangGiaSua!$A$1:$C$8,2,0) -> Sua ban phim | F8: =VLOOKUP(C8,BangGiaSua!$A$1:$C$8,3,0) -> 400000 | G8: =(D8*F8) -> 800000
A9: PS008 | B9: 2026-06-08 | C9: SM04 | D9: 3 | E9: =VLOOKUP(C9,BangGiaSua!$A$1:$C$8,2,0) -> Nang cap RAM | F9: =VLOOKUP(C9,BangGiaSua!$A$1:$C$8,3,0) -> 350000 | G9: =(D9*F9) -> 1050000
A10: PS011 | B10: 2026-06-11 | C10: SM06 | D10: 3 | E10: =VLOOKUP(C10,BangGiaSua!$A$1:$C$8,2,0) -> Sua ban phim | F10: =VLOOKUP(C10,BangGiaSua!$A$1:$C$8,3,0) -> 400000 | G10: =(D10*F10) -> 1200000
A11: PS001 | B11: 2026-06-01 | C11: SM03 | D11: 5 | E11: =VLOOKUP(C11,BangGiaSua!$A$1:$C$8,2,0) -> Thay keo tan nhiet | F11: =VLOOKUP(C11,BangGiaSua!$A$1:$C$8,3,0) -> 250000 | G11: =(D11*F11) -> 1250000
A12: PS002 | B12: 2026-06-02 | C12: SM06 | D12: 4 | E12: =VLOOKUP(C12,BangGiaSua!$A$1:$C$8,2,0) -> Sua ban phim | F12: =VLOOKUP(C12,BangGiaSua!$A$1:$C$8,3,0) -> 400000 | G12: =(D12*F12) -> 1600000
A13: PS007 | B13: 2026-06-07 | C13: SM05 | D13: 3 | E13: =VLOOKUP(C13,BangGiaSua!$A$1:$C$8,2,0) -> Thay o cung SSD | F13: =VLOOKUP(C13,BangGiaSua!$A$1:$C$8,3,0) -> 600000 | G13: =(D13*F13) -> 1800000
... A16: PS005 | B16: 2026-06-05 | C16: SM07 | D16: 5 | E16: =VLOOKUP(C16,BangGiaSua!$A$1:$C$8,2,0) -> Cuu du lieu | F16: =VLOOKUP(C16,BangGiaSua!$A$1:$C$8,3,0) -> 800000 | G16: =(D16*F16) -> 4000000

Sheet BangGiaSua
A1: ma_sua | B1: ten_sua | C1: gia_sua
A2: SM01 | B2: Cai lai Windows | C2: 150000
A3: SM02 | B3: Ve sinh laptop | C3: 200000
A4: SM03 | B4: Thay keo tan nhiet | C4: 250000
A5: SM04 | B5: Nang cap RAM | C5: 350000
A6: SM05 | B6: Thay o cung SSD | C6: 600000
A7: SM06 | B7: Sua ban phim | C7: 400000
A8: SM07 | B8: Cuu du lieu | C8: 800000
